License Number,Application Number,Company,License Type,Priority Type,Address,City,State,"Long,Lat",CDA Member?
MR282576,MRN282576,CNA STORES,Marijuana Retailer,GENERAL APPLICANT,77 Macy Street,Amesbury,MA,"-70.91616570499997,42.84628990700003",
MC281255,MCN281255,ALTERNATIVE THERAPIES GROUP,Marijuana Cultivator,RMD PRIORITY,10 Industrial Way,Amesbury,MA,"-70.90658317799995,42.85464063000006",Yes
MP281300,MPN281300,ALTERNATIVE THERAPIES GROUP,Marijuana Product Manufacturer,RMD PRIORITY,10 Industrial Way,Amesbury,MA,"-70.90658317799995,42.85464063000006",Yes
MC282136,MCN282136,JAMACO,Marijuana Cultivator,GENERAL APPLICANT,35 Buttonwood Road,Amesbury,MA,"-70.96698560299996,42.83205437600004",
MR281346,MRN281346,ALTERNATIVE THERAPIES GROUP,Marijuana Retailer,RMD PRIORITY,49 Macy St,Amesbury,MA,"-70.92281666199995,42.84576109300008",Yes
MR282062,MRN282062,MASS ALTERNATIVE CARE,Marijuana Retailer,RMD PRIORITY,55 University Drive,Amherst,MA,"-72.53352902499995,42.37199333600006",Yes
MR281254,MRN281254,RISE HOLDINGS,Marijuana Retailer,RMD PRIORITY,169 Meadow Street,Amherst,MA,"-72.53954496799999,42.40872392500006",Yes
MR282730,MRN282730,APOTHCA,Marijuana Retailer,RMD PRIORITY,1386 Massachusetts Ave,Arlington,MA,"-71.18471878199995,42.42440764000003",
MC281370,MCN281370,1620 LABS,Marijuana Cultivator,GENERAL APPLICANT,1 Exchange Street,Athol,MA,"-72.23038517499998,42.592089331000075",
MR281810,MRN281810,ELEV8 CANNABIS,Marijuana Retailer,GENERAL APPLICANT,243 Main Street,Athol,MA,"-72.23438384599996,42.593463460000066",
MC281488,MCN281488,MASSGROW,Marijuana Cultivator,GENERAL APPLICANT,134 Chestnut Hill Avenue,Athol,MA,"-72.22293726699996,42.59633166400005",
MP281325,MPN281325,BCWC DBA NOVA FARMS,Marijuana Product Manufacturer,RMD PRIORITY,34 Extension Street,Attleboro,MA,"-71.32482246099994,41.91829202300005",
MR281379,MRN281379,BCWC DBA NOVA FARMS,Marijuana Retailer,RMD PRIORITY,34 Extension Street,Attleboro,MA,"-71.32482246099994,41.91829202300005",
MP281399,MPN281399,CENTRAL AVE COMPASSIONATE CARE,Marijuana Product Manufacturer,RMD PRIORITY,31 Central Ave,Ayer,MA,"-71.58374171299994,42.55897524000005",Yes
MC281505,MCN281505,CENTRAL AVE COMPASSIONATE CARE,Marijuana Cultivator,RMD PRIORITY,31 Central Ave,Ayer,MA,"-71.58374171299994,42.55897524000005",Yes
MR281248,MRN281248,LATE SPRING D/B/A GAGE CANNABIS COMPANY,Marijuana Retailer,RMD PRIORITY,38 Littleton Rd,Ayer,MA,"-71.56590980099999,42.55185263400006",
MC281254,MCN281254,CAREGIVER-PATIENT CONNECTION,Marijuana Cultivator,RMD PRIORITY,295 Vernon Avenue,Barre,MA,"-72.08814628999994,42.38741029600004",
MC282412,MCN282412,HIGH HAWK FARM,Marijuana Cultivator,GENERAL APPLICANT,101 Daunt Road,Barre,MA,"-72.15706632099995,42.39172777300007",
MC282237,MCN282237,CAREGIVER-PATIENT CONNECTION,Marijuana Cultivator,RMD PRIORITY,295 Vernon Ave,Barre,MA,"-72.08814628999994,42.38741029600004",
MR281885,MRN281885,SPENCER HOUSE,Marijuana Retailer,GENERAL APPLICANT,3235 Main Street,Becket,MA,"-73.08365503899995,42.32752637600004",
MC281557,MCN281557,GOOD CHEMISTRY OF MASSACHUSETTS,Marijuana Cultivator,RMD PRIORITY,20 William Way,Bellingham,MA,"-71.49481365999998,42.08466253300003",Former member
MP281410,MPN281410,GOOD CHEMISTRY OF MASSACHUSETTS,Marijuana Product Manufacturer,RMD PRIORITY,20 Williams Way,Bellingham,MA,"-71.49549105599993,42.084585754000045",Former member
MC281438,MCN281438,THE HEIRLOOM COLLECTIVE,Marijuana Cultivator,RMD PRIORITY,87 Northfield Road,Bernardston,MA,"-72.53754311799997,42.66947089400003",Yes
MP281407,MPN281407,THE HEIRLOOM COLLECTIVE,Marijuana Product Manufacturer,RMD PRIORITY,87 Northfield Road,Bernardston,MA,"-72.53754311799997,42.66947089400003",Yes
MR281981,MRN281981,DDM SALES,Marijuana Retailer,GENERAL APPLICANT,1 Lloyd Street,Blackstone,MA,"-71.49949931099997,42.01935380300006",
MR281845,MRN281845,BERKSHIRE ROOTS,Marijuana Retailer,RMD PRIORITY,253 Meridian Street,Boston,MA,"-71.03889118499995,42.376097367000064",Yes
MR281352,MRN281352,PURE OASIS,Marijuana Retailer,ECONOMIC EMPOWERMENT,430 Blue Hill Ave,Boston,MA,"-71.08220106499994,42.30968834500004",Former member
MC281524,MCN281524,THEORY WELLNESS,Marijuana Cultivator,RMD PRIORITY,1050 Elm Street,Bridgewater,MA,"-71.02179376299995,41.980464694000034",Yes
MP281424,MPN281424,THEORY WELLNESS,Marijuana Product Manufacturer,RMD PRIORITY,1050 Elm Street,Bridgewater,MA,"-71.02179376299995,41.980464694000034",Yes
MC281273,MCN281273,IN GOOD HEALTH,Marijuana Cultivator,RMD PRIORITY,1200 West Chestnut St,Brockton,MA,"-71.06516384099996,42.052728530000024",Former member
MR282468,MRN282468,IN GOOD HEALTH,Marijuana Retailer,RMD PRIORITY,1200 West Chestnut Street,Brockton,MA,"-71.06516384099996,42.052728530000024",Former member
MP281307,MPN281307,IN GOOD HEALTH,Marijuana Product Manufacturer,RMD PRIORITY,1200 West Chestnut Street,Brockton,MA,"-71.06516384099996,42.052728530000024",Former member
MR281950,MRN281950,SANCTUARY MEDICINALS,Marijuana Retailer,RMD PRIORITY,1351 Beacon Street,Brookline,MA,"-71.12246554899997,42.341427553000074",
MR281287,MRN281287,NEW ENGLAND TREATMENT ACCESS,Marijuana Retailer,RMD PRIORITY,160 Washington Street,Brookline,MA,"-71.11806043899998,42.33174708300004",Former member
MR281791,MRN281791,GREEN GOLD GROUP,Marijuana Retailer,GENERAL APPLICANT,46 Worcester Road,Charlton,MA,"-71.98553880299994,42.145827334000046",
MR281907,MRN281907,WESTERN FRONT,Marijuana Retailer,ECONOMIC EMPOWERMENT,121 Webster Ave,Chelsea,MA,"-71.02411950499999,42.401599685000065",
MR281835,MRN281835,THEORY WELLNESS,Marijuana Retailer,RMD PRIORITY,672 Fuller Road,Chicopee,MA,"-72.55346730899998,42.16070554800007",Yes
MC281685,MCN281685,MASS ALTERNATIVE CARE,Marijuana Cultivator,RMD PRIORITY,1247 East Main Street,Chicopee,MA,"-72.54267720199994,42.158154893000074",Yes
MP281468,MPN281468,MASS ALTERNATIVE CARE,Marijuana Product Manufacturer,RMD PRIORITY,1247 East Main Street,Chicopee,MA,"-72.54267720199994,42.158154893000074",Yes
MR281371,MRN281371,MASS ALTERNATIVE CARE,Marijuana Retailer,RMD PRIORITY,1247 East Main Street,Chicopee,MA,"-72.54267720199994,42.158154893000074",Yes
MP281752,MPN281752,LIBERTY COMPASSION,Marijuana Product Manufacturer,GENERAL APPLICANT,179 Brook Street,Clinton,MA,"-71.69155528399995,42.42381227300007",
MC282178,MCN282178,LIBERTY COMPASSION,Marijuana Cultivator,GENERAL APPLICANT,179 Brook Street,Clinton,MA,"-71.69155528399995,42.42381227300007",
MC281313,MCN281313,JUSTREDIBLE CULTIVATION,Marijuana Cultivator,GENERAL APPLICANT,116 Powell RD,Cummington,MA,"-72.95308191899994,42.460443369000075",
MC281259,MCN281259,RESINATE,Marijuana Cultivator,RMD PRIORITY,120 Gilboa Street,Douglas,MA,"-71.69965044199995,42.08422206400007",
MR282562,MRN282562,LAZY RIVER PRODUCTS,Marijuana Retailer,GENERAL APPLICANT,"145 Broadway Rd Dracut, MA 01826",Dracut,MA,"-71.29398485199994,42.67537003500008",
MR282048,MRN282048,GREENSTAR HERBALS,Marijuana Retailer,GENERAL APPLICANT,76-100 Pleasant Street,Dracut,MA,"-71.32416624199993,42.66463457700007",
MC281268,MCN281268,INSA,Marijuana Cultivator,RMD PRIORITY,122 Pleasant Street,Easthampton,MA,"-72.66216114799994,42.27339038700006",Yes
MR282605,MRN282605,HOLISTIC INDUSTRIES,Marijuana Retailer,RMD PRIORITY,155 Northampton Street,Easthampton,MA,"-72.66827323099994,42.28191918300007",Yes
MR281680,MRN281680,INSA,Marijuana Retailer,RMD PRIORITY,122 Pleasant Street,Easthampton,MA,"-72.66216114799994,42.27339038700006",Yes
MP281426,MPN281426,INSA,Marijuana Product Manufacturer,RMD PRIORITY,122 Pleasant Street,Easthampton,MA,"-72.66216114799994,42.27339038700006",Yes
MR281637,MRN281637,THE VERB IS HERB,Marijuana Retailer,GENERAL APPLICANT,74 Cottage St,Easthampton,MA,"-72.66598547499996,42.26440209500004",
MR282284,MRN282284,BASK,Marijuana Retailer,RMD PRIORITY,2 Pequod Road,Fairhaven,MA,"-70.88879954599997,41.64965433100008",
MP281319,MPN281319,NORTHEAST ALTERNATIVES,Marijuana Product Manufacturer,RMD PRIORITY,999 William S. Canning Boulevard,Fall River,MA,"-71.15697627499999,41.66549457800005",Former member
MC281319,MCN281319,NORTHEAST ALTERNATIVES,Marijuana Cultivator,RMD PRIORITY,999 William S. Canning Boulevard,Fall River,MA,"-71.15697627499999,41.66549457800005",Former member
MC281478,MCN281478,HOPE HEAL HEALTH,Marijuana Cultivator,RMD PRIORITY,1 West Street,Fall River,MA,"-71.14553589899998,41.72759425400005",
MP281361,MPN281361,HOPE HEAL HEALTH,Marijuana Product Manufacturer,RMD PRIORITY,1 West Street,Fall River,MA,"-71.14553589899998,41.72759425400005",
MR281337,MRN281337,HOPE HEAL HEALTH,Marijuana Retailer,RMD PRIORITY,1 West Street,Fall River,MA,"-71.14553589899998,41.72759425400005",
MR281314,MRN281314,NORTHEAST ALTERNATIVES,Marijuana Retailer,RMD PRIORITY,999 William S. Canning Boulevard,Fall River,MA,"-71.15697627499999,41.66549457800005",Former member
MC281884,MCN281884,NS AJO HOLDINGS,Marijuana Cultivator,RMD PRIORITY,20 Authority Drive,Fitchburg,MA,"-71.84729607399998,42.551507299000036",
MC281276,MCN281276,APOTHCA,Marijuana Cultivator,RMD PRIORITY,99 Development Rd,Fitchburg,MA,"-71.85934187499998,42.551278850000074",
MC281504,MCN281504,GARDEN REMEDIES,Marijuana Cultivator,RMD PRIORITY,307 Airport Road,Fitchburg,MA,"-71.76956875799995,42.56168066600003",Former member
MC281476,MCN281476,ATLANTIC MEDICINAL PARTNERS,Marijuana Cultivator,RMD PRIORITY,774 Crawford Street,Fitchburg,MA,"-71.74930726699995,42.55040516300006",
MR281471,MRN281471,ATLANTIC MEDICINAL PARTNERS,Marijuana Retailer,RMD PRIORITY,774 Crawford Street,Fitchburg,MA,"-71.74930726699995,42.55040516300006",
MP281381,MPN281381,GARDEN REMEDIES,Marijuana Product Manufacturer,RMD PRIORITY,307 Airport Road,Fitchburg,MA,"-71.76956875799995,42.56168066600003",Former member
MR282236,MRN282236,NS AJO HOLDINGS,Marijuana Retailer,RMD PRIORITY,20 Authority Drive,Fitchburg,MA,"-71.84729607399998,42.551507299000036",
MP281360,MPN281360,ATLANTIC MEDICINAL PARTNERS,Marijuana Product Manufacturer,RMD PRIORITY,774 Crawford Street,Fitchburg,MA,"-71.74930726699995,42.55040516300006",
MP281425,MPN281425,REVOLUTIONARY CLINICS II,Marijuana Product Manufacturer,RMD PRIORITY,One Oak Hill Road,Fitchburg,MA,"-71.82082459899993,42.58107769000003",Yes
MP281445,MPN281445,APOTHCA,Marijuana Product Manufacturer,RMD PRIORITY,99 Development Rd,Fitchburg,MA,"-71.85934187499998,42.551278850000074",
MC281507,MCN281507,REVOLUTIONARY CLINICS II,Marijuana Cultivator,RMD PRIORITY,One Oak Hill Road,Fitchburg,MA,"-71.82082459899993,42.58107769000003",Yes
MR282131,MRN282131,CAREGIVER-PATIENT CONNECTION,Marijuana Retailer,RMD PRIORITY,371 Lunenburg St.,Fitchburg,MA,"-71.77225398399997,42.58567390600007",
MR282033,MRN282033,TEMESCAL WELLNESS OF MASSACHUSETTS,Marijuana Retailer,RMD PRIORITY,665 Cochituate Road,Framingham,MA,"-71.38530627399996,42.30734807500005",
MR282522,MRN282522,CULTIVATE HOLDINGS,Marijuana Retailer,RMD PRIORITY,250 Worcester Road,Framingham,MA,"-71.40488237699998,42.29816398200006",Former member
MR282516,MRN282516,BCWC DBA NOVA FARMS,Marijuana Retailer,RMD PRIORITY,1137 Worcester Road,Framingham,MA,"-71.44394732599994,42.29938673400005",
IL281277,ILN281277,EVIO LABS MA,Independent Testing Laboratory,GENERAL APPLICANT,40 Speen St,Framingham,MA,"-71.38940644999997,42.31218263100004",
IL281278,ILN281278,MCR LABS,Independent Testing Laboratory,GENERAL APPLICANT,85 Speen St,Framingham,MA,"-71.38679204999995,42.31092685500005",
MC281267,MCN281267,NEW ENGLAND TREATMENT ACCESS,Marijuana Cultivator,RMD PRIORITY,5 Forge Parkway,Franklin,MA,"-71.43716259499996,42.08692237800006",Former member
MP281306,MPN281306,NEW ENGLAND TREATMENT ACCESS,Marijuana Product Manufacturer,RMD PRIORITY,5 Forge Parkway,Franklin,MA,"-71.43716259499996,42.08692237800006",Former member
MR281650,MRN281650,SANCTUARY MEDICINALS,Marijuana Retailer,RMD PRIORITY,16 Pearson Blvd,Gardner,MA,"-71.97972871899998,42.566496321000045",
MP281871,MPN281871,CULTIVAUNA,Marijuana Product Manufacturer,GENERAL APPLICANT,68 Tenney Street,Georgetown,MA,"-70.95840169599995,42.71865166900005",
MC281631,MCN281631,HEALTHY PHARMS,Marijuana Cultivator,RMD PRIORITY,401 E. Main Street,Georgetown,MA,"-70.96195528799996,42.70663034300003",Yes
MP281450,MPN281450,HEALTHY PHARMS,Marijuana Product Manufacturer,RMD PRIORITY,401 E. Main Street,Georgetown,MA,"-70.96195528799996,42.70663034300003",Yes
MR281754,MRN281754,HEALTHY PHARMS,Marijuana Retailer,RMD PRIORITY,401 E. Main Street,Georgetown,MA,"-70.96195528799996,42.70663034300003",Yes
MC281908,MCN281908,OCEAN BREEZE CULTIVATORS,Marijuana Cultivator,GENERAL APPLICANT,11 Dory Road,Gloucester,MA,"-70.65710396099996,42.625767189000044",
MP281663,MPN281663,OCEAN BREEZE CULTIVATORS,Marijuana Product Manufacturer,GENERAL APPLICANT,11 Dory Road,Gloucester,MA,"-70.65710396099996,42.625767189000044",
MC282121,MCN282121,HVV MASSACHUSETTS,Marijuana Cultivator,GENERAL APPLICANT,39 Great Republic Drive,Gloucester,MA,"-70.64530354599998,42.62811910600004",
MP281657,MPN281657,HVV MASSACHUSETTS,Marijuana Product Manufacturer,GENERAL APPLICANT,38 Great Republic Drive,Gloucester,MA,"-70.64538052799998,42.62854491000007",
MR282578,MRN282578,HVV MASSACHUSETTS,Marijuana Retailer,GENERAL APPLICANT,38 Great Republic Drive,Gloucester,MA,"-70.64538052799998,42.62854491000007",
MR282318,MRN282318,HIGHMINDED,Marijuana Retailer,GENERAL APPLICANT,126 Main Street,Great Barrington,MA,"-73.36040712599998,42.19947226900007",
MP281662,MPN281662,HIGHMINDED,Marijuana Product Manufacturer,GENERAL APPLICANT,126 Main Street,Great Barrington,MA,"-73.36040712599998,42.19947226900007",
MR281549,MRN281549,THEORY WELLNESS,Marijuana Retailer,RMD PRIORITY,394 Stockbridge Road,Great Barrington,MA,"-73.34486858599996,42.21102249000006",Yes
MR281517,MRN281517,D2N2,Marijuana Retailer,GENERAL APPLICANT,307 Main Street,Great Barrington,MA,"-73.36202684499995,42.19406602500004",
MR282695,MRN282695,COMMUNITY GROWTH PARTNERS GREAT BARRINGTON OPERATIONS,Marijuana Retailer,GENERAL APPLICANT,783 South Main Street,Great Barrington,MA,"-73.36283351899993,42.17918529700006",
MR281282,MRN281282,PATRIOT CARE CORP,Marijuana Retailer,RMD PRIORITY,7 Legion Avenue,Greenfield,MA,"-72.60417153699996,42.58921140500007",
MR283029,MRN283029,THE HEIRLOOM COLLECTIVE,Marijuana Retailer,RMD PRIORITY,457 Russell Street,Hadley,MA,"-72.53711538999994,42.36418555100005",Yes
MR281744,MRN281744,CNA STORES,Marijuana Retailer,GENERAL APPLICANT,558 River Street,Haverhill,MA,"-71.10263597699998,42.764503026000064",
MR282474,MRN282474,FULL HARVEST MOONZ,Marijuana Retailer,GENERAL APPLICANT,101 Plaistow Road,Haverhill,MA,"-71.10221074799995,42.814500330000044",
MR281327,MRN281327,HAVERHILL STEM,Marijuana Retailer,ECONOMIC EMPOWERMENT,124 Washington Street,Haverhill,MA,"-71.08569212799995,42.77254458200009",
MC281749,MCN281749,IPSWICH PHARMACEUTICAL ASSOCIATES,Marijuana Cultivator,RMD PRIORITY,0 Bullards Crossing Road,Hinsdale,MA,"-73.09525167799995,42.39984624400006",
MC281251,MCN281251,NEW ENGLAND CANNABIS CORPORATION,Marijuana Cultivator,RMD PRIORITY,29 Everett Street,Holliston,MA,"-71.40860293599997,42.21160716900005",
MP281466,MPN281466,NEW ENGLAND CANNABIS CORPORATION,Marijuana Product Manufacturer,RMD PRIORITY,29 Everett Street,Holliston,MA,"-71.40860293599997,42.21160716900005",
MC281343,MCN281343,MAYFLOWER MEDICINALS,Marijuana Cultivator,RMD PRIORITY,89 October Hill Road,Holliston,MA,"-71.42568533799994,42.22732868600008",Former member
MP281480,MPN281480,MAYFLOWER MEDICINALS,Marijuana Product Manufacturer,RMD PRIORITY,89 October Hill Road,Holliston,MA,"-71.42568533799994,42.22732868600008",Former member
MC281674,MCN281674,RISE HOLDINGS,Marijuana Cultivator,RMD PRIORITY,28 Appleton Street,Holyoke,MA,"-72.60115245899993,42.19895711700008",Yes
MR281525,MRN281525,BOSTON BUD FACTORY,Marijuana Retailer,GENERAL APPLICANT,73 Sargeant St,Holyoke,MA,"-72.60965967199996,42.19833798800005",
MP281453,MPN281453,RISE HOLDINGS,Marijuana Product Manufacturer,RMD PRIORITY,28 Appleton Street,Holyoke,MA,"-72.60115245899993,42.19895711700008",Yes
MP281397,MPN281397,BOSTON BUD FACTORY,Marijuana Product Manufacturer,GENERAL APPLICANT,73 Sargeant St,Holyoke,MA,"-72.60965967199996,42.19833798800005",
MR282703,MRN282703,HOLYOKE 420,Marijuana Retailer,GENERAL APPLICANT,380 Dwight Street,Holyoke,MA,"-72.60460840199994,42.204729231000044",
MR281778,MRN281778,CANNA PROVISIONS,Marijuana Retailer,GENERAL APPLICANT,380 Dwight Street,Holyoke,MA,"-72.60460840199994,42.204729231000044",
MR281800,MRN281800,NATIVE SUN WELLNESS,Marijuana Retailer,GENERAL APPLICANT,37 Coolidge St.,Hudson,MA,"-71.59044521299995,42.396148061000076",
MP281588,MPN281588,HUDSON BOTANICAL PROCESSING,Marijuana Product Manufacturer,GENERAL APPLICANT,"9 Kane Industrial Dr., Unit 1",Hudson,MA,"-71.50631111699995,42.39396867500005",
MR281309,MRN281309,TEMESCAL WELLNESS OF MASSACHUSETTS,Marijuana Retailer,RMD PRIORITY,252 Coolidge Street,Hudson,MA,"-71.60188886899994,42.39680716400005",
MC281482,MCN281482,NATURE'S REMEDY OF MASSACHUSETTS,Marijuana Cultivator,RMD PRIORITY,310 Kenneth Welch Drive,Lakeville,MA,"-70.94767646399998,41.885699663000025",
MP281524,MPN281524,NATURE'S REMEDY OF MASSACHUSETTS,Marijuana Product Manufacturer,RMD PRIORITY,310 Kenneth Welch Drive,Lakeville,MA,"-70.94767646399998,41.885699663000025",
MR281796,MRN281796,CANNA PROVISIONS,Marijuana Retailer,GENERAL APPLICANT,220 Housatonic Street,Lee,MA,"-73.24213310799996,42.299397673000044",
MP281305,MPN281305,CULTIVATE HOLDINGS,Marijuana Product Manufacturer,RMD PRIORITY,1764 Main Street,Leicester,MA,"-71.94606406199995,42.25230441100007",Former member
MC281266,MCN281266,CULTIVATE HOLDINGS,Marijuana Cultivator,RMD PRIORITY,1764 Main Street,Leicester,MA,"-71.94606406199995,42.25230441100007",Former member
MR281268,MRN281268,CULTIVATE HOLDINGS,Marijuana Retailer,RMD PRIORITY,1764 Main Street,Leicester,MA,"-71.94606406199995,42.25230441100007",Former member
MC281308,MCN281308,SANCTUARY MEDICINALS,Marijuana Cultivator,RMD PRIORITY,234 Taylor Street,Littleton,MA,"-71.50873164299998,42.51232575700004",
MP281405,MPN281405,SANCTUARY MEDICINALS,Marijuana Product Manufacturer,RMD PRIORITY,234 Taylor Street,Littleton,MA,"-71.50873164299998,42.51232575700004",
MP281308,MPN281308,PATRIOT CARE CORP,Marijuana Product Manufacturer,RMD PRIORITY,170 Lincoln Street,Lowell,MA,"-71.31705126299994,42.62830309200007",
MC281411,MCN281411,PURE INDUSTRIES,Marijuana Cultivator,GENERAL APPLICANT,181 Stedman Street,Lowell,MA,"-71.35261400199994,42.624854861000074",
MC281265,MCN281265,PATRIOT CARE CORP,Marijuana Cultivator,RMD PRIORITY,170 Lincoln Street,Lowell,MA,"-71.31705126299994,42.62830309200007",
MR281283,MRN281283,PATRIOT CARE CORP,Marijuana Retailer,RMD PRIORITY,70 Industrial Avenue East,Lowell,MA,"-71.31636688099996,42.614452165000046",
MR282618,MRN282618,LYNN ORGANICS,Marijuana Retailer,RMD PRIORITY,193-195 Oxford Street,Lynn,MA,"-70.94732917699997,42.46330919800005",
MR281447,MRN281447,APOTHCA,Marijuana Retailer,RMD PRIORITY,487-491 Lynnway,Lynn,MA,"-70.95619583099995,42.45628607100008",
IL281325,ILN281325,ARIES LABORATORIES,Independent Testing Laboratory,GENERAL APPLICANT,257 Simarano Drive Suite 100,Marlborough,MA,"-71.57983448899996,42.32415236600008",
MR281942,MRN281942,GARDEN REMEDIES,Marijuana Retailer,RMD PRIORITY,416 Boston Post Road E,Marlborough,MA,"-71.51342877699994,42.34826861100004",Former member
MP281508,MPN281508,COMMCAN,Marijuana Product Manufacturer,RMD PRIORITY,2 Marc Road,Medway,MA,"-71.39432092699997,42.15934457800006",
MC281642,MCN281642,COMMCAN,Marijuana Cultivator,RMD PRIORITY,2 Marc Road,Medway,MA,"-71.39432092699997,42.15934457800006",
MR282471,MRN282471,GARDEN REMEDIES,Marijuana Retailer,RMD PRIORITY,732 Newburyport Turnpike,Melrose,MA,"-71.02889467499995,42.444986553000035",Former member
MC282488,MCN282488,HOLISTIC HEALTH GROUP,Marijuana Cultivator,RMD PRIORITY,477 Wareham st,Middleborough,MA,"-70.83971562399995,41.84103480600004",
MR282382,MRN282382,ARL HEALTHCARE,Marijuana Retailer,RMD PRIORITY,29 Harding Street,Middleborough,MA,"-70.97270851499997,41.90278005400006",Yes
MP281303,MPN281303,SIRA NATURALS,Marijuana Product Manufacturer,RMD PRIORITY,13 COMMERCIAL WAY,Milford,MA,"-71.48845145999996,42.13984345200004",Former member
MC281252,MCN281252,SIRA NATURALS,Marijuana Cultivator,RMD PRIORITY,13 COMMERCIAL WAY,Milford,MA,"-71.48845145999996,42.13984345200004",Former member
MX281310,MXN281310,SIRA NATURALS,Marijuana Transporter with Other Existing ME License,RMD PRIORITY,13 COMMERCIAL WAY,Milford,MA,"-71.48845145999996,42.13984345200004",Former member
MR281553,MRN281553,NATURE'S REMEDY OF MASSACHUSETTS,Marijuana Retailer,RMD PRIORITY,266 North Main Street,Millbury,MA,"-71.77595215899998,42.20292457600004",
MR282205,MRN282205,COMMCAN,Marijuana Retailer,RMD PRIORITY,1525 Main Street,Millis,MA,"-71.38753938099995,42.15817509300007",
MR281970,MRN281970,GARDEN WONDERS,Marijuana Retailer,GENERAL APPLICANT,3 Route 146,Millville,MA,"-71.58913181199995,42.01467127800004",
MP281630,MPN281630,HOLISTIC INDUSTRIES,Marijuana Product Manufacturer,RMD PRIORITY,96 Palmer Road,Monson,MA,"-72.30926667899996,42.12299151000008",Yes
MC282056,MCN282056,HOLISTIC INDUSTRIES,Marijuana Cultivator,RMD PRIORITY,96 Palmer Road,Monson,MA,"-72.30926667899996,42.12299151000008",Yes
MP281302,MPN281302,253 ORGANIC,Marijuana Product Manufacturer,GENERAL APPLICANT,253 Millers Falls Road,Montague,MA,"-72.52730613199998,42.590289778000056",
MC281258,MCN281258,253 ORGANIC,Marijuana Cultivator,GENERAL APPLICANT,253 Millers Falls Road,Montague,MA,"-72.52730613199998,42.590289778000056",
MR281245,MRN281245,253 ORGANIC,Marijuana Retailer,GENERAL APPLICANT,253 Millers Falls Road,Montague,MA,"-72.52730613199998,42.590289778000056",
MP281345,MPN281345,THE GREEN LADY DISPENSARY,Marijuana Product Manufacturer,RMD PRIORITY,11 Amelia Drive,Nantucket,MA,"-70.08600550199998,41.26657864100008",
MC281443,MCN281443,THE GREEN LADY DISPENSARY,Marijuana Cultivator,RMD PRIORITY,11 Amelia Drive,Nantucket,MA,"-70.08600550199998,41.26657864100008",
MR281427,MRN281427,THE GREEN LADY DISPENSARY,Marijuana Retailer,RMD PRIORITY,11 Amelia Drive,Nantucket,MA,"-70.08600550199998,41.26657864100008",
MC281622,MCN281622,ARL HEALTHCARE,Marijuana Cultivator,RMD PRIORITY,167 John Vertente Blvd.,New Bedford,MA,"-70.96528508299997,41.72679566900007",Yes
MP281681,MPN281681,ARL HEALTHCARE,Marijuana Product Manufacturer,RMD PRIORITY,167 John Vertente Blvd,New Bedford,MA,"-70.96528508299997,41.72679566900007",Yes
MB281332,MBN281332,RIVERRUN GARDENS,Marijuana Microbusiness,GENERAL APPLICANT,5 Perkins Way,Newburyport,MA,"-70.88348206599994,42.79593478600003",
MR281495,MRN281495,GARDEN REMEDIES,Marijuana Retailer,RMD PRIORITY,697 Washington Street,Newton,MA,"-71.20217065799994,42.35295137000003",Former member
MR282398,MRN282398,RESINATE,Marijuana Retailer,RMD PRIORITY,110 Pleasant Street,Northampton,MA,"-72.62791076299999,42.31864646200006",
MR282981,MRN282981,LIFE ESSENCE,Marijuana Retailer,GENERAL APPLICANT,216 North King Street,Northampton,MA,"-72.64325526199997,42.343896861000076",
MR282356,MRN282356,NORTHEMPTON ENTERPRISES,Marijuana Retailer,GENERAL APPLICANT,2 Conz Street,Northampton,MA,"-72.63106135299995,42.31597678400004",
MP281417,MPN281417,PIONEER VALLEY EXTRACTS,Marijuana Product Manufacturer,GENERAL APPLICANT,43 Ladd Avenue,Northampton,MA,"-72.66342399399997,42.319613282000034",
MR281793,MRN281793,GREEN BIZ,Marijuana Retailer,GENERAL APPLICANT,34 Bridge St,Northampton,MA,"-72.62814470199999,42.321674005000034",
MP281661,MPN281661,FERNWAY,Marijuana Product Manufacturer,GENERAL APPLICANT,178 Industrial Drive,Northampton,MA,"-72.63366041399996,42.33658457300004",
MR281240,MRN281240,NEW ENGLAND TREATMENT ACCESS,Marijuana Retailer,RMD PRIORITY,118 Conz Street,Northampton,MA,"-72.62537389699997,42.312612414000064",Former member
MR281910,MRN281910,SILVER THERAPEUTICS,Marijuana Retailer,RMD PRIORITY,5 South Main Street,Orange,MA,"-72.30938922299998,42.59062681500007",Yes
MP281627,MPN281627,HÃ…VN EXTRACTS,Marijuana Product Manufacturer,GENERAL APPLICANT,125 Southbridge Rd,Oxford,MA,"-71.89700545399995,42.16659144600004",
MR281263,MRN281263,CURALEAF MASSACHUSETTS,Marijuana Retailer,RMD PRIORITY,425 Main Street,Oxford,MA,"-71.86461451099996,42.128455966000054",Yes
MP281427,MPN281427,BERKSHIRE ROOTS,Marijuana Product Manufacturer,RMD PRIORITY,501 Dalton Avenue,Pittsfield,MA,"-73.21229395099994,42.46557762000003",Yes
MR281585,MRN281585,BERKSHIRE ROOTS,Marijuana Retailer,RMD PRIORITY,501 Dalton Avenue,Pittsfield,MA,"-73.21229395099994,42.46557762000003",Yes
MC281590,MCN281590,BERKSHIRE ROOTS,Marijuana Cultivator,RMD PRIORITY,501 Dalton Avenue,Pittsfield,MA,"-73.21229395099994,42.46557762000003",Yes
MR281588,MRN281588,TEMESCAL WELLNESS OF MASSACHUSETTS,Marijuana Retailer,RMD PRIORITY,10 Callahan Drive,Pittsfield,MA,"-73.31797181299999,42.42990914400008",
MR281490,MRN281490,GREEN BIZ,Marijuana Retailer,GENERAL APPLICANT,1021 South St,Pittsfield,MA,"-73.26293556599995,42.40900434200006",
MC282296,MCN282296,EOS-BITTERSWEET,Marijuana Cultivator,GENERAL APPLICANT,1107 Barker Road,Pittsfield,MA,"-73.30782241799994,42.41721533800006",
MR281402,MRN281402,SLANG,Marijuana Retailer,GENERAL APPLICANT,2 Larch St,Pittsfield,MA,"-73.20995908799995,42.45868773800004",
MC281338,MCN281338,EOS-BITTERSWEET,Marijuana Cultivator,GENERAL APPLICANT,1107 Barker Road,Pittsfield,MA,"-73.30782241799994,42.41721533800006",
MX281322,MXN281322,BERKSHIRE ROOTS,Marijuana Transporter with Other Existing ME License,RMD PRIORITY,501 Dalton Avenue,Pittsfield,MA,"-73.21229395099994,42.46557762000003",Yes
MC281723,MCN281723,27 BROOM STREET,Marijuana Cultivator,GENERAL APPLICANT,27 Broom Street,Plainfield,MA,"-72.90009244899994,42.51049372500006",
MR282388,MRN282388,APOTHO THERAPEUTICS PLAINVILLE,Marijuana Retailer,GENERAL APPLICANT,119 Washington Street,Plainville,MA,"-71.31681078599996,42.01719605000005",
MP281346,MPN281346,M3 VENTURES,Marijuana Product Manufacturer,RMD PRIORITY,9 Collins Avenue,Plymouth,MA,"-70.69127882399994,41.960387282000056",Yes
MC281446,MCN281446,M3 VENTURES,Marijuana Cultivator,RMD PRIORITY,9 Collins Avenue,Plymouth,MA,"-70.69127882399994,41.960387282000056",Yes
MR282232,MRN282232,FOUR DAUGHTERS COMPASSIONATE CARE,Marijuana Retailer,RMD PRIORITY,11 Richards Road,Plymouth,MA,"-70.70793475499994,41.95669962200003",
MT281393,MTN281393,ATLAS MARKETPLACE & DELIVERY D/B/A PLYMOUTH ARMOR GROUP,Third Party Marijuana Transporter,GENERAL APPLICANT,14 Apollo 11 Road,Plymouth,MA,"-70.69135803299997,41.95887728200006",
MT281320,MTN281320,EAGLE EYES TRANSPORT,Third Party Marijuana Transporter,GENERAL APPLICANT,5 Robert J Way,Plymouth,MA,"-70.64711356999999,41.929834533000076",
MR281290,MRN281290,M3 VENTURES,Marijuana Retailer,RMD PRIORITY,9 Collins Avenue,Plymouth,MA,"-70.69127882399994,41.960387282000056",Yes
MR282052,MRN282052,CURALEAF MASSACHUSETTS,Marijuana Retailer,RMD PRIORITY,170 Commercial Street,Provincetown,MA,"-70.19015928299996,42.04784288600007",Yes
MR282825,MRN282825,BWELL HOLDINGS,Marijuana Retailer,GENERAL APPLICANT,220 Commercial St,Provincetown,MA,"-70.18879110499995,42.049778393000054",
MR281426,MRN281426,HEALTH CIRCLE,Marijuana Retailer,RMD PRIORITY,21 Commerce Road,Rockland,MA,"-70.90239817799994,42.164782967000065",
MR282801,MRN282801,FIDELITY WELLNESS CENTER,Marijuana Retailer,RMD PRIORITY,256 Weymouth Street,Rockland,MA,"-70.91063591199998,42.160912874000076",
MR282588,MRN282588,OLD PLANTERS OF CAPE ANN,Marijuana Retailer,RMD PRIORITY,300 Newburyport Turnpike Unit 1,Rowley,MA,"-70.90770828099994,42.71307799600004",
MR281571,MRN281571,IPSWICH PHARMACEUTICAL ASSOCIATES,Marijuana Retailer,RMD PRIORITY,116 Newburyport Turnpike,Rowley,MA,"-70.91129565199998,42.70087076000004",
IL281275,ILN281275,CDX ANALYTICC,Independent Testing Laboratory,GENERAL APPLICANT,39 Norman Street,Salem,MA,"-70.89812558699998,42.51976205600005",
MR281844,MRN281844,CTDW,Marijuana Retailer,GENERAL APPLICANT,3 Dodge Street,Salem,MA,"-70.89387914699996,42.51874692400003",
MR281892,MRN281892,INSA,Marijuana Retailer,RMD PRIORITY,462 Highland Ave,Salem,MA,"-70.93482952099998,42.493020097000056",Yes
MR281255,MRN281255,ALTERNATIVE THERAPIES GROUP,Marijuana Retailer,RMD PRIORITY,50 Grove St,Salem,MA,"-70.91109205499998,42.522540280000044",Yes
MR281344,MRN281344,ALTERNATIVE THERAPIES GROUP,Marijuana Retailer,RMD PRIORITY,107 Elm St,Salisbury,MA,"-70.87913789399994,42.84372186000007",Yes
MR281552,MRN281552,FOUR DAUGHTERS COMPASSIONATE CARE,Marijuana Retailer,RMD PRIORITY,2 Merchant Street Unit 1,Sharon,MA,"-71.23461532899995,42.11806772800003",
MC281928,MCN281928,THEORY WELLNESS,Marijuana Cultivator,RMD PRIORITY,237 Bow Wow Road,Sheffield,MA,"-73.37145732399995,42.11965270400003",Yes
MC281841,MCN281841,BCWC DBA NOVA FARMS,Marijuana Cultivator,RMD PRIORITY,136 Kellogg Road,Sheffield,MA,"-73.35816655899998,42.143006195000055",
MC281970,MCN281970,BCWC DBA NOVA FARMS,Marijuana Cultivator,GENERAL APPLICANT,1884 North Main Street,Sheffield,MA,"-73.36451409099993,42.156992323000054",
MP281505,MPN281505,BERKSHIRE WELCO,Marijuana Product Manufacturer,GENERAL APPLICANT,1375 Main St.,Sheffield,MA,"-73.36440143799996,42.14270163900005",
MR281967,MRN281967,BERKSHIRE WELCO,Marijuana Retailer,GENERAL APPLICANT,1375 Main St.,Sheffield,MA,"-73.36440143799996,42.14270163900005",
MC281949,MCN281949,BERKSHIRE WELCO,Marijuana Cultivator,GENERAL APPLICANT,89-93 Ashley Falls Road,Sheffield,MA,"-73.34395378499994,42.08533933000007",
MC281317,MCN281317,BERKSHIRE WELCO,Marijuana Cultivator,GENERAL APPLICANT,1375 Main St.,Sheffield,MA,"-73.36440143799996,42.14270163900005",
MR282298,MRN282298,PHARMACANNIS MASSACHUSETTS,Marijuana Retailer,RMD PRIORITY,939 Boston Turnpike,Shrewsbury,MA,"-71.67916590899995,42.28013748400008",
MR282186,MRN282186,THE BOTANIST,Marijuana Retailer,RMD PRIORITY,235 Hartford Turnpike,Shrewsbury,MA,"-71.72073486799997,42.249232359000075",
MP281464,MPN281464,SOLAR THERAPEUTICS,Marijuana Product Manufacturer,GENERAL APPLICANT,1400 Brayton Point Road,Somerset,MA,"-71.17290968599997,41.72904893400005",
MC281592,MCN281592,SOLAR THERAPEUTICS,Marijuana Cultivator,GENERAL APPLICANT,1400 Brayton Point Road,Somerset,MA,"-71.17290968599997,41.72904893400005",
MR281817,MRN281817,SOLAR THERAPEUTICS,Marijuana Retailer,GENERAL APPLICANT,1400 Brayton Point Road,Somerset,MA,"-71.17290968599997,41.72904893400005",
MR282316,MRN282316,GREEN MEADOWS FARM,Marijuana Retailer,GENERAL APPLICANT,64 Mill Street,Southbridge,MA,"-72.04225671099994,42.08314545100007",
MR282667,MRN282667,HOLISTIC INDUSTRIES,Marijuana Retailer,RMD PRIORITY,1300 Boston Road,Springfield,MA,"-72.50044037199996,42.141267328000026",Yes
MB281402,MBN281402,FRESHLY BAKED COMPANY,Marijuana Microbusiness,GENERAL APPLICANT,144 W. Britannia St,Taunton,MA,"-71.10119957099994,41.91805443800007",
MR282118,MRN282118,NATURE'S REMEDY OF MASSACHUSETTS,Marijuana Retailer,RMD PRIORITY,406 Middlesex Road,Tyngsborough,MA,"-71.43911172199995,42.69331522900006",
MC282053,MCN282053,CULTIVATE HOLDINGS,Marijuana Cultivator,RMD PRIORITY,100 Campanelli Drive,Uxbridge,MA,"-71.66098002899997,42.06284213400005",Former member
MP281742,MPN281742,CULTIVATE HOLDINGS,Marijuana Product Manufacturer,RMD PRIORITY,100 Campanelli Drive,Uxbridge,MA,"-71.66098002899997,42.06284213400005",Former member
MC282693,MCN282693,NEAMAT,Marijuana Cultivator,GENERAL APPLICANT,290 Millville Road,Uxbridge,MA,"-71.61993871099997,42.060715394000056",
MB281347,MBN281347,GIBBY'S GARDEN,Marijuana Microbusiness,GENERAL APPLICANT,660 Douglas Street,Uxbridge,MA,"-71.66927626899997,42.062410760000034",
MR281274,MRN281274,CAROLINE'S CANNABIS,Marijuana Retailer,GENERAL APPLICANT,640 Douglas Street,Uxbridge,MA,"-71.66946142499995,42.063179422000076",Former member
MB281476,MBN281476,BLACKSTONE VALLEY NATURALS,Marijuana Microbusiness,GENERAL APPLICANT,"660 Douglas Street, Unit 400",Uxbridge,MA,"-71.66927626899997,42.062410760000034",
MR282183,MRN282183,CURALEAF MASSACHUSETTS,Marijuana Retailer,RMD PRIORITY,124 West Street,Ware,MA,"-72.24958694199995,42.25588189100006",Yes
MP281314,MPN281314,T BEAR,Marijuana Product Manufacturer,GENERAL APPLICANT,3103 Cranberry HIghway,Wareham,MA,"-70.64425383299994,41.755619609000064",
MR281252,MRN281252,PHARMACANNIS MASSACHUSETTS,Marijuana Retailer,RMD PRIORITY,112 Main Street,Wareham,MA,"-70.71328467299998,41.75602101800007",
MR283095,MRN283095,NS AJO HOLDINGS,Marijuana Retailer,RMD PRIORITY,23 Elm Street,Watertown,MA,"-71.15526837799996,42.36319929500007",
MC281309,MCN281309,CURALEAF MASSACHUSETTS,Marijuana Cultivator,RMD PRIORITY,30 Worcester Road,Webster,MA,"-71.86222290199998,42.06267956700003",Yes
MR282814,MRN282814,MUNRO ASSOCIATES,Marijuana Retailer,GENERAL APPLICANT,"70 Worcester Road, Suite 225",Webster,MA,"-71.86499664199994,42.071277724000026",
MP281318,MPN281318,CURALEAF MASSACHUSETTS,Marijuana Product Manufacturer,RMD PRIORITY,30 Worcester Road,Webster,MA,"-71.86222290199998,42.06267956700003",Yes
MR282519,MRN282519,GANESH WELLNESS,Marijuana Retailer,GENERAL APPLICANT,65 West Boylston Street,West Boylston,MA,"-71.78338138,42.35865010100008",
MC281406,MCN281406,WISEACRE FARM,Marijuana Cultivator,GENERAL APPLICANT,276 Great Barrington Road,West Stockbridge,MA,"-73.38021104799998,42.270109794000064",
MR281362,MRN281362,CANNABIS CONNECTION,Marijuana Retailer,GENERAL APPLICANT,40 Westfield Industrial Park,Westfield,MA,"-72.73080214299995,42.14161167700007",
MR281271,MRN281271,SILVER THERAPEUTICS,Marijuana Retailer,RMD PRIORITY,238 Main Street,Williamstown,MA,"-73.18454876199996,42.702612059000046",Yes
MR282160,MRN282160,THE BOTANIST,Marijuana Retailer,RMD PRIORITY,65 Pullman Street,Worcester,MA,"-71.79884330899995,42.32394608800007",
MP281402,MPN281402,TEMESCAL WELLNESS OF MASSACHUSETTS,Marijuana Product Manufacturer,RMD PRIORITY,141 SW Cutoff,Worcester,MA,"-71.75108909199997,42.23271548400004",
MC281550,MCN281550,TEMESCAL WELLNESS OF MASSACHUSETTS,Marijuana Cultivator,RMD PRIORITY,141 SW Cutoff,Worcester,MA,"-71.75108909199997,42.23271548400004",
MR281702,MRN281702,GOOD CHEMISTRY OF MASSACHUSETTS,Marijuana Retailer,RMD PRIORITY,9 Harrison Street,Worcester,MA,"-71.79712024099996,42.25715078500008",Former member
MP281312,MPN281312,MISSION MA,Marijuana Product Manufacturer,RMD PRIORITY,640 Lincoln Street,Worcester,MA,"-71.76489634999996,42.29915065800003",Yes
MR282319,MRN282319,TRICHOME HEALTH CORP,Marijuana Retailer,RMD PRIORITY,62-68 W. Boylston St.,Worcester,MA,"-71.80573608299994,42.29083187100008",Yes
MC281288,MCN281288,MISSION MA,Marijuana Cultivator,RMD PRIORITY,640 Lincoln Street,Worcester,MA,"-71.76489634999996,42.29915065800003",Yes
MR282376,MRN282376,TDMA,Marijuana Retailer,GENERAL APPLICANT,74 Grafton Street,Worcester,MA,"-71.79402388299997,42.25920661500004",
MR281269,MRN281269,NEW DIA,Marijuana Retailer,ECONOMIC EMPOWERMENT,118 Cambridge Street,Worcester,MA,"-71.82636998199996,42.243227396000066",
MR281259,MRN281259,MISSION MA,Marijuana Retailer,RMD PRIORITY,640 Lincoln Street,Worcester,MA,"-71.76489634999996,42.29915065800003",Yes
MR281249,MRN281249,RESINATE,Marijuana Retailer,RMD PRIORITY,1191 Millbury Street,Worcester,MA,"-71.78356083699998,42.22118336800003",
MR281256,MRN281256,MAYFLOWER MEDICINALS,Marijuana Retailer,RMD PRIORITY,645 Park Avenue,Worcester,MA,"-71.83412433199999,42.24631617000006",Former member